{ "world_sector_1.json.gz": { "bounds": [24, -180, 90, -26], "center": { "BHS": [25.19029042993747, -77.25047418898318], "BMU": [32.298721504666446, -64.77992555774343], "CAN": [61.78267496071518, -94.20883008078842], "GRL": [74.15751740694616, -42.10043526324926], "MEX": [24.74228593253888, -104.88401273740976], "PRT": [39.03134803641082, -29.209151658130885], "RUS": [67.5911993568347, -175.68573387552934], "SPM": [46.892529788962385, -56.29002983106761], "UMI": [28.205579603000125, -177.3612090053332], "WI": [44.645222168578684, -89.73388318304495], "VT": [44.077134062157356, -72.66250529744477], "NJ": [40.113902858328956, -74.67505177557346], "CO": [38.99858790038155, -105.54660614335945], "SC": [33.87883391495892, -80.85288831199269], "OK": [35.58667994149038, -97.50976295654912], "IN": [39.90803791049952, -86.28728693802721], "GA": [32.638656010457396, -83.42564092700914], "DC": [38.898680214950694, -77.0229530610865], "AZ": [34.29502458945721, -111.66793134809201], "NV": [39.33276146179964, -116.65995911160483], "RI": [41.589926920953246, -71.54070199247317], "WA": [47.41184746338555, -120.60852549524334], "LA": [30.913069291334583, -91.82530311272107], "MI": [44.87655113656723, -85.73416920217961], "ID": [44.39274601706566, -114.66261140932826], "NE": [41.52731090687177, -99.80708351428447], "IL": [40.12987918667292, -89.14290110105675], "AL": [32.75691390256677, -86.84286071780645], "OH": [40.41644918348251, -82.70832901525691], "VA": [37.51849885756808, -78.65913351718832], "KY": [37.52955275923559, -85.26098286188765], "SD": [44.435174050694854, -100.22842359444996], "HI": [26.412079301252543, -172.84898778357368], "KS": [38.48527240110478, -98.36997353741171], "DE": [38.97574773423674, -75.45719435877243], "MT": [47.03288229378931, -109.65160529260103], "MD": [38.93559866915159, -76.66502572976563], "NM": [34.42157481782024, -106.10265586358946], "AR": [34.9008413532082, -92.44108427215195], "WV": [38.64353882964832, -80.601966854198], "CT": [41.57757207103003, -72.74486490268792], "PA": [40.89993155041751, -77.83977567841286], "MN": [46.34447022433356, -94.20797739898491], "NH": [43.665507019719975, -71.57803532948142], "TX": [31.441638617634595, -99.30965167793269], "IA": [42.08492819190543, -93.49404867180041], "FL": [28.50055429240581, -82.47736880379003], "UT": [39.32401795589046, -111.67700357920695], "MS": [32.68941250465028, -89.65777429592687], "NY": [42.91896356529484, -75.60900509004077], "CA": [37.01290219018305, -119.75101347592313], "OR": [43.94086695393379, -120.61899019074416], "TN": [35.85750837287033, -86.32734178109891], "WY": [42.99955972378406, -107.55252604863934], "ND": [47.45005486466802, -100.47464617391381], "NC": [35.525394719467485, -79.12322957854197], "ME": [45.28167969032047, -69.21568294800325], "MA": [42.15705995275543, -71.51692667610315], "MO": [38.376063674557734, -92.47756356334712] } }, "world_sector_2.json.gz": { "bounds": [28, -26, 90, 62], "center": { "AFG": [33.83539920250446, 66.00638285404365], "ALB": [41.12608205051524, 20.050766227011064], "ALA": [60.22783028222606, 20.4564183149041], "AND": [42.530349486483885, 1.5474596767112803], "ARM": [40.30429251680935, 44.915127573635715], "AUT": [47.57248251970332, 14.120401019712936], "AZE": [40.26955361333876, 47.52747710077563], "BEL": [50.61895518497555, 4.654346701910908], "BGR": [42.767055171699376, 25.252425735819223], "BIH": [44.17692438611309, 17.78094034296763], "BLR": [53.51838683068313, 28.03074336573802], "CHE": [46.78597804879679, 8.181998304040016], "-99": [40.5540470710713, 24.336329038701624], "CYP": [34.92754098884818, 32.95230694722629], "CZE": [49.723036735618905, 15.338438633195455], "DEU": [51.39714879761592, 10.355766004402453], "DNK": [55.89033950659802, 10.631628332133092], "DZA": [28.15159958686618, 2.6494793246389126], "EGY": [26.50411891612509, 29.85502164958842], "ESP": [39.3528234907667, -3.9026241254968683], "EST": [58.65295177836096, 24.964805737946545], "FIN": [63.921511892620494, 25.644509262551868], "FRA": [46.14651203742386, 2.803585181972612], "FRO": [61.98295297892075, -6.864782961223348], "GBR": [55.041940150627724, -3.5304076248932863], "GEO": [42.15951666918768, 43.52763905289821], "GGY": [49.53067646652699, -2.4043609772561423], "GIB": [36.12980209791319, -5.346979229179106], "GRC": [38.031214757564975, 23.70423563547005], "GRL": [74.17031400103934, -41.93227407943891], "HRV": [44.72905957941833, 16.2252691848846], "HUN": [47.16539055530801, 19.37857442975017], "IMN": [54.21030543245739, -4.518884611836977], "IRL": [53.20623729301049, -8.509839534668819], "IRN": [32.56741080496733, 54.27488724953589], "IRQ": [33.033399725776825, 43.74087473290965], "ISL": [65.11980254322859, -19.04621575126118], "ISR": [31.45548861520479, 34.981084563063035], "ITA": [41.3454130831871, 12.042316195683608], "JEY": [49.2172856684153, -2.142656198714881], "JOR": [31.244549476076777, 36.76159617712277], "KAZ": [48.14108655057117, 67.15644318468817], "KWT": [29.32344306952479, 47.58684513628197], "LBN": [33.936349502365445, 35.8823368000246], "LBY": [27.03223633113431, 18.00335405963908], "LIE": [47.13249366654508, 9.54146430666586], "LTU": [55.32818341426231, 23.873585281654087], "LUX": [49.77128465680767, 6.108842805255952], "LVA": [56.85458626123966, 24.90191426107394], "MAR": [29.851133873888404, -8.387816608522085], "MCO": [43.73782278040585, 7.4030781492182225], "MDA": [47.18785627384527, 28.46195584486965], "MKD": [41.580970821772695, 21.680447965191146], "MLT": [35.93938757385992, 14.372086936020583], "MNE": [42.785556937486426, 19.24088981008251], "NLD": [52.37070191403613, 5.454337186111557], "NOR": [70.82813808734885, 11.245632072233885], "PAK": [29.937017427898763, 69.324565088225], "POL": [52.12601339019595, 19.4142002809074], "PRT": [35.938571878690645, -15.431439562036708], "PSE": [31.92092879815846, 35.198897281983854], "ROU": [45.85960388615578, 24.962413951103287], "RUS": [62.922551775338874, 90.39421995839484], "SAU": [24.130084349404846, 44.548369679251266], "SMR": [43.93745692419282, 12.445114778977173], "SRB": [44.21405308057384, 20.795054559061654], "SVK": [48.69747398934859, 19.472378280184984], "SVN": [46.110921919169904, 14.809575245902199], "SWE": [61.84986661013034, 16.661335073720064], "SYR": [35.010904236712854, 38.5260761406379], "TKM": [39.11429659507438, 59.35524114993421], "TUN": [34.118404269216185, 9.58774784808177], "TUR": [39.06780335862537, 35.1089196326311], "UKR": [48.956755261494486, 31.422728863352063], "UZB": [41.75972943069612, 63.136899015338685], "VAT": [41.90332526957213, 12.453542697269363] } }, "world_sector_3.json.gz": { "bounds": [-10, 62, 90, 180], "center": { "AFG": [33.83539920250446, 66.00638285404365], "AUS": [-9.333663149057434, 142.47999650567522], "BGD": [23.57528765576301, 90.28362249064871], "BRN": [4.504487578986208, 114.67708950116109], "BTN": [27.419137009376886, 90.4084773865731], "CHN": [35.7860279934747, 105.27036089494115], "FSM": [5.9220483795443695, 151.47559005364366], "GUM": [13.459102414863835, 144.77194498218722], "HKG": [22.35677909160978, 114.13059099794087], "IDN": [-2.5398372273326393, 118.0916466851632], "IND": [19.29765291824161, 81.08692670616242], "IOT": [-6.271714033360122, 71.91084313413415], "IRN": [32.5674486230085, 54.27493231042341], "JPN": [32.53377287269184, 139.49430047222998], "-99": [16.549010566951797, 108.28232387787473], "KAZ": [48.15919187249876, 67.26808938880755], "KGZ": [41.4668574990776, 74.55803216756335], "KHM": [12.695246742425262, 104.8705060690032], "KIR": [-0.15847306888356827, 173.27892604964467], "KOR": [36.10617992054531, 127.76521255246223], "LAO": [18.492769474132555, 103.73621409734326], "LKA": [7.76047379319786, 80.62121940813257], "MAC": [22.14999395230204, 113.54980208101577], "MDV": [3.4849570614491823, 73.18716884315184], "MHL": [9.400653760671021, 168.82469390938428], "MMR": [19.22897963364332, 96.29645747564741], "MNG": [46.81255207668232, 103.04848759696937], "MNP": [16.25776273149029, 145.60501908747406],