{"ATA":[[[-90.0,180.0000000000002],[-84.35279635299985,180.0000000000002],[-71.83464934699991,170.96607506600017],[-67.40439218499988,164.913910352],[-66.25481536299992,162.29786217500012],[-65.17831796699994,102.75220787900011],[-63.21786874799993,-57.368723110999895],[-77.07366301899988,-158.22020423099985],[-84.352796001,-180.0],[-90.0,-180.0]]],"-99":[[[-12.197686455999829,96.84522545700011],[-12.438571872999844,123.59774824300007],[-10.45403411299985,105.59424889400012],[-12.12656015399989,96.821543816]],[[-21.030043226999865,154.3912866550001],[-21.029066664999974,154.38851972700002],[-21.02874114399995,154.3912866550001],[-21.030043226999865,154.3912866550001]]],"ATF":[[[-49.71005624799996,68.79102623800023],[-49.68547942499995,70.2443139980002],[-38.709161065999936,77.53288821700008],[-37.843519789999874,77.57471764400006],[-48.63762786299986,68.61011803500011]]],"AUS":[[[-34.262139580999886,115.01783287900005],[-34.83562590899987,115.97852623800011],[-54.749932549999826,158.86573326900012],[-31.52092864399995,159.06885826900012],[-10.138929945999877,142.29346764400012],[-10.050388278999861,142.14210045700023],[-11.16790129999984,130.38314863400015],[-20.668389580999985,115.45118248800017],[-21.837823174999954,114.03581790500019],[-22.577732028999932,113.64665774800008],[-25.77304452899996,112.95386803500011]]],"FJI":[[[-19.168389580999843,179.7975366550002],[-16.14911172500001,180.0000000000002],[-12.48064544099985,177.11117597700004],[-21.668715101999908,174.5940047540001]]],"HMD":[[[-53.18922291499987,73.47339928500008],[-52.98202890399991,73.23601321700005],[-53.01677825299996,73.56421959700009],[-53.11239999799994,73.73511803500014]]],"IDN":[[[-10.220961195999891,120.15560957100016],[-10.893243096999896,122.82097415500013],[-10.111993096999896,124.49935957099999],[-9.485765301020919,125.06162548343505],[-9.060634460999893,125.16236495000024],[-8.962015499916774,124.91950720677639],[-9.364434502999899,119.267832879],[-9.553399346999882,118.93539472700004]]],"MUS":[[[-19.717868747999972,63.33521569100006],[-19.681898695999905,63.493907097],[-19.72291432099982,63.46941165500019],[-19.75603606599985,63.385590040000096]]],"NCL":[[[-21.35377369599989,164.95142662900005],[-22.308038018999937,166.4366968110002],[-22.670668226999837,167.50733483200023],[-22.34634159799991,171.34376528700014],[-20.400648695999962,166.62354576900023],[-19.623711846999953,163.62183678500006]]],"NFK":[[[-29.08001067499991,167.96664472700002],[-29.06633879999997,167.92644290500004],[-28.99749114399991,167.92652428500003],[-29.01783619599989,167.9841414720001]]],"NZL":[[[-52.60031327100001,169.19529562200003],[-49.61988697699993,178.82886803499994],[-37.70086028399989,178.56617272200023],[-34.411716403999876,173.07927493600008],[-34.47991301899998,172.67408287900022],[-45.63713958099993,166.56666100400005],[-50.85125090899996,165.89673912900017]]],"PNG":[[[-9.106149628253178,140.97700716985187],[-9.232191664999903,141.15259850400005],[-11.608982028999861,153.778086785],[-11.420668226999851,154.26807701900012],[-6.000258070999863,147.51140384200008],[-3.81755950299997,144.51343834700006],[-2.607517184999921,141.12142988400015],[-2.600518107070869,140.97446391400152],[-6.623573913999834,140.85039961800018]]],"SLB":[[[-11.600681247999887,160.02369225400005],[-11.794854424999855,160.58220462300008],[-12.284926039999931,168.81861412900017],[-10.22079843499992,166.24252363400004],[-10.20867278399983,161.33570397200018],[-11.283623955999857,159.77735436300023]]],"VUT": [[[-14.83212655999995, 166.5226343110002], [-15.627699476999936, 166.75391686300006], [-20.248630466999856, 169.83814537900005], [-13.61980559699991, 167.70264733200023], [-13.064873955999843, 166.52051842500012]]]}